Arsenal VS Bournemouth,M1X
Arsenal VS Burnley,M2X
Arsenal VS Chelsea,M3X
Arsenal VS CrystalPalace,M4X
Arsenal VS Everton,M5X
Arsenal VS Hull,M6X
Arsenal VS Leicester,M7X
Arsenal VS Liverpool,M8X
Arsenal VS ManchesterCity,M9X
Arsenal VS ManchesterUnited,M10X
Arsenal VS Middlesbrough,M11X
Arsenal VS Southampton,M12X
Arsenal VS Stoke,M13X
Arsenal VS Sunderland,M14X
Arsenal VS Swansea,M15X
Arsenal VS Tottenham,M16X
Arsenal VS Watford,M17X
Arsenal VS WestBromWich,M18X
Arsenal VS WestHam,M19X
Bournemouth VS Arsenal,M20X
Bournemouth VS Burnley,M21X
Bournemouth VS Chelsea,M22X
Bournemouth VS CrystalPalace,M23X
Bournemouth VS Everton,M24X
Bournemouth VS Hull,M25X
Bournemouth VS Leicester,M26X
Bournemouth VS Liverpool,M27X
Bournemouth VS ManchesterCity,M28X
Bournemouth VS ManchesterUnited,M29X
Bournemouth VS Middlesbrough,M30X
Bournemouth VS Southampton,M31X
Bournemouth VS Stoke,M32X
Bournemouth VS Sunderland,M33X
Bournemouth VS Swansea,M34X
Bournemouth VS Tottenham,M35X
Bournemouth VS Watford,M36X
Bournemouth VS WestBromWich,M37X
Bournemouth VS WestHam,M38X
Burnley VS Arsenal,M39X
Burnley VS Bournemouth,M40X
Burnley VS Chelsea,M41X
Burnley VS CrystalPalace,M42X
Burnley VS Everton,M43X
Burnley VS Hull,M44X
Burnley VS Leicester,M45X
Burnley VS Liverpool,M46X
Burnley VS ManchesterCity,M47X
Burnley VS ManchesterUnited,M48X
Burnley VS Middlesbrough,M49X
Burnley VS Southampton,M50X
Burnley VS Stoke,M51X
Burnley VS Sunderland,M52X
Burnley VS Swansea,M53X
Burnley VS Tottenham,M54X
Burnley VS Watford,M55X
Burnley VS WestBromWich,M56X
Burnley VS WestHam,M57X
Chelsea VS Arsenal,M58X
Chelsea VS Bournemouth,M59X
Chelsea VS Burnley,M60X
Chelsea VS CrystalPalace,M61X
Chelsea VS Everton,M62X
Chelsea VS Hull,M63X
Chelsea VS Leicester,M64X
Chelsea VS Liverpool,M65X
Chelsea VS ManchesterCity,M66X
Chelsea VS ManchesterUnited,M67X
Chelsea VS Middlesbrough,M68X
Chelsea VS Southampton,M69X
Chelsea VS Stoke,M70X
Chelsea VS Sunderland,M71X
Chelsea VS Swansea,M72X
Chelsea VS Tottenham,M73X
Chelsea VS Watford,M74X
Chelsea VS WestBromWich,M75X
Chelsea VS WestHam,M76X
CrystalPalace VS Arsenal,M77X
CrystalPalace VS Bournemouth,M78X
CrystalPalace VS Burnley,M79X
CrystalPalace VS Chelsea,M80X
CrystalPalace VS Everton,M81X
CrystalPalace VS Hull,M82X
CrystalPalace VS Leicester,M83X
CrystalPalace VS Liverpool,M84X
CrystalPalace VS ManchesterCity,M85X
CrystalPalace VS ManchesterUnited,M86X
CrystalPalace VS Middlesbrough,M87X
CrystalPalace VS Southampton,M88X
CrystalPalace VS Stoke,M89X
CrystalPalace VS Sunderland,M90X
CrystalPalace VS Swansea,M91X
CrystalPalace VS Tottenham,M92X
CrystalPalace VS Watford,M93X
CrystalPalace VS WestBromWich,M94X
CrystalPalace VS WestHam,M95X
Everton VS Arsenal,M96X
Everton VS Bournemouth,M97X
Everton VS Burnley,M98X
Everton VS Chelsea,M99X
Everton VS CrystalPalace,M100X
Everton VS Hull,M101X
Everton VS Leicester,M102X
Everton VS Liverpool,M103X
Everton VS ManchesterCity,M104X
Everton VS ManchesterUnited,M105X
Everton VS Middlesbrough,M106X
Everton VS Southampton,M107X
Everton VS Stoke,M108X
Everton VS Sunderland,M109X
Everton VS Swansea,M110X
Everton VS Tottenham,M111X
Everton VS Watford,M112X
Everton VS WestBromWich,M113X
Everton VS WestHam,M114X
Hull VS Arsenal,M115X
Hull VS Bournemouth,M116X
Hull VS Burnley,M117X
Hull VS Chelsea,M118X
Hull VS CrystalPalace,M119X
Hull VS Everton,M120X
Hull VS Leicester,M121X
Hull VS Liverpool,M122X
Hull VS ManchesterCity,M123X
Hull VS ManchesterUnited,M124X
Hull VS Middlesbrough,M125X
Hull VS Southampton,M126X
Hull VS Stoke,M127X
Hull VS Sunderland,M128X
Hull VS Swansea,M129X
Hull VS Tottenham,M130X
Hull VS Watford,M131X
Hull VS WestBromWich,M132X
Hull VS WestHam,M133X
Leicester VS Arsenal,M134X
Leicester VS Bournemouth,M135X
Leicester VS Burnley,M136X
Leicester VS Chelsea,M137X
Leicester VS CrystalPalace,M138X
Leicester VS Everton,M139X
Leicester VS Hull,M140X
Leicester VS Liverpool,M141X
Leicester VS ManchesterCity,M142X
Leicester VS ManchesterUnited,M143X
Leicester VS Middlesbrough,M144X
Leicester VS Southampton,M145X
Leicester VS Stoke,M146X
Leicester VS Sunderland,M147X
Leicester VS Swansea,M148X
Leicester VS Tottenham,M149X
Leicester VS Watford,M150X
Leicester VS WestBromWich,M151X
Leicester VS WestHam,M152X
Liverpool VS Arsenal,M153X
Liverpool VS Bournemouth,M154X
Liverpool VS Burnley,M155X
Liverpool VS Chelsea,M156X
Liverpool VS CrystalPalace,M157X
Liverpool VS Everton,M158X
Liverpool VS Hull,M159X
Liverpool VS Leicester,M160X
Liverpool VS ManchesterCity,M161X
Liverpool VS ManchesterUnited,M162X
Liverpool VS Middlesbrough,M163X
Liverpool VS Southampton,M164X
Liverpool VS Stoke,M165X
Liverpool VS Sunderland,M166X
Liverpool VS Swansea,M167X
Liverpool VS Tottenham,M168X
Liverpool VS Watford,M169X
Liverpool VS WestBromWich,M170X
Liverpool VS WestHam,M171X
ManchesterCity VS Arsenal,M172X
ManchesterCity VS Bournemouth,M173X
ManchesterCity VS Burnley,M174X
ManchesterCity VS Chelsea,M175X
ManchesterCity VS CrystalPalace,M176X
ManchesterCity VS Everton,M177X
ManchesterCity VS Hull,M178X
ManchesterCity VS Leicester,M179X
ManchesterCity VS Liverpool,M180X
ManchesterCity VS ManchesterUnited,M181X
ManchesterCity VS Middlesbrough,M182X
ManchesterCity VS Southampton,M183X
ManchesterCity VS Stoke,M184X
ManchesterCity VS Sunderland,M185X
ManchesterCity VS Swansea,M186X
ManchesterCity VS Tottenham,M187X
ManchesterCity VS Watford,M188X
ManchesterCity VS WestBromWich,M189X
ManchesterCity VS WestHam,M190X
ManchesterUnited VS Arsenal,M191X
ManchesterUnited VS Bournemouth,M192X
ManchesterUnited VS Burnley,M193X
ManchesterUnited VS Chelsea,M194X
ManchesterUnited VS CrystalPalace,M195X
ManchesterUnited VS Everton,M196X
ManchesterUnited VS Hull,M197X
ManchesterUnited VS Leicester,M198X
ManchesterUnited VS Liverpool,M199X
ManchesterUnited VS ManchesterCity,M200X
ManchesterUnited VS Middlesbrough,M201X
ManchesterUnited VS Southampton,M202X
ManchesterUnited VS Stoke,M203X
ManchesterUnited VS Sunderland,M204X
ManchesterUnited VS Swansea,M205X
ManchesterUnited VS Tottenham,M206X
ManchesterUnited VS Watford,M207X
ManchesterUnited VS WestBromWich,M208X
ManchesterUnited VS WestHam,M209X
Middlesbrough VS Arsenal,M210X
Middlesbrough VS Bournemouth,M211X
Middlesbrough VS Burnley,M212X
Middlesbrough VS Chelsea,M213X
Middlesbrough VS CrystalPalace,M214X
Middlesbrough VS Everton,M215X
Middlesbrough VS Hull,M216X
Middlesbrough VS Leicester,M217X
Middlesbrough VS Liverpool,M218X
Middlesbrough VS ManchesterCity,M219X
Middlesbrough VS ManchesterUnited,M220X
Middlesbrough VS Southampton,M221X
Middlesbrough VS Stoke,M222X
Middlesbrough VS Sunderland,M223X
Middlesbrough VS Swansea,M224X
Middlesbrough VS Tottenham,M225X
Middlesbrough VS Watford,M226X
Middlesbrough VS WestBromWich,M227X
Middlesbrough VS WestHam,M228X
Southampton VS Arsenal,M229X
Southampton VS Bournemouth,M230X
Southampton VS Burnley,M231X
Southampton VS Chelsea,M232X
Southampton VS CrystalPalace,M233X
Southampton VS Everton,M234X
Southampton VS Hull,M235X
Southampton VS Leicester,M236X
Southampton VS Liverpool,M237X
Southampton VS ManchesterCity,M238X
Southampton VS ManchesterUnited,M239X
Southampton VS Middlesbrough,M240X
Southampton VS Stoke,M241X
Southampton VS Sunderland,M242X
Southampton VS Swansea,M243X
Southampton VS Tottenham,M244X
Southampton VS Watford,M245X
Southampton VS WestBromWich,M246X
Southampton VS WestHam,M247X
Stoke VS Arsenal,M248X
Stoke VS Bournemouth,M249X
Stoke VS Burnley,M250X
Stoke VS Chelsea,M251X
Stoke VS CrystalPalace,M252X
Stoke VS Everton,M253X
Stoke VS Hull,M254X
Stoke VS Leicester,M255X
Stoke VS Liverpool,M256X
Stoke VS ManchesterCity,M257X
Stoke VS ManchesterUnited,M258X
Stoke VS Middlesbrough,M259X
Stoke VS Southampton,M260X
Stoke VS Sunderland,M261X
Stoke VS Swansea,M262X
Stoke VS Tottenham,M263X
Stoke VS Watford,M264X
Stoke VS WestBromWich,M265X
Stoke VS WestHam,M266X
Sunderland VS Arsenal,M267X
Sunderland VS Bournemouth,M268X
Sunderland VS Burnley,M269X
Sunderland VS Chelsea,M270X
Sunderland VS CrystalPalace,M271X
Sunderland VS Everton,M272X
Sunderland VS Hull,M273X
Sunderland VS Leicester,M274X
Sunderland VS Liverpool,M275X
Sunderland VS ManchesterCity,M276X
Sunderland VS ManchesterUnited,M277X
Sunderland VS Middlesbrough,M278X
Sunderland VS Southampton,M279X
Sunderland VS Stoke,M280X
Sunderland VS Swansea,M281X
Sunderland VS Tottenham,M282X
Sunderland VS Watford,M283X
Sunderland VS WestBromWich,M284X
Sunderland VS WestHam,M285X
Swansea VS Arsenal,M286X
Swansea VS Bournemouth,M287X
Swansea VS Burnley,M288X
Swansea VS Chelsea,M289X
Swansea VS CrystalPalace,M290X
Swansea VS Everton,M291X
Swansea VS Hull,M292X
Swansea VS Leicester,M293X
Swansea VS Liverpool,M294X
Swansea VS ManchesterCity,M295X
Swansea VS ManchesterUnited,M296X
Swansea VS Middlesbrough,M297X
Swansea VS Southampton,M298X
Swansea VS Stoke,M299X
Swansea VS Sunderland,M300X
Swansea VS Tottenham,M301X
Swansea VS Watford,M302X
Swansea VS WestBromWich,M303X
Swansea VS WestHam,M304X
Tottenham VS Arsenal,M305X
Tottenham VS Bournemouth,M306X
Tottenham VS Burnley,M307X
Tottenham VS Chelsea,M308X
Tottenham VS CrystalPalace,M309X
Tottenham VS Everton,M310X
Tottenham VS Hull,M311X
Tottenham VS Leicester,M312X
Tottenham VS Liverpool,M313X
Tottenham VS ManchesterCity,M314X
Tottenham VS ManchesterUnited,M315X
Tottenham VS Middlesbrough,M316X
Tottenham VS Southampton,M317X
Tottenham VS Stoke,M318X
Tottenham VS Sunderland,M319X
Tottenham VS Swansea,M320X
Tottenham VS Watford,M321X
Tottenham VS WestBromWich,M322X
Tottenham VS WestHam,M323X
Watford VS Arsenal,M324X
Watford VS Bournemouth,M325X
Watford VS Burnley,M326X
Watford VS Chelsea,M327X
Watford VS CrystalPalace,M328X
Watford VS Everton,M329X
Watford VS Hull,M330X
Watford VS Leicester,M331X
Watford VS Liverpool,M332X
Watford VS ManchesterCity,M333X
Watford VS ManchesterUnited,M334X
Watford VS Middlesbrough,M335X
Watford VS Southampton,M336X
Watford VS Stoke,M337X
Watford VS Sunderland,M338X
Watford VS Swansea,M339X
Watford VS Tottenham,M340X
Watford VS WestBromWich,M341X
Watford VS WestHam,M342X
WestBromWich VS Arsenal,M343X
WestBromWich VS Bournemouth,M344X
WestBromWich VS Burnley,M345X
WestBromWich VS Chelsea,M346X
WestBromWich VS CrystalPalace,M347X
WestBromWich VS Everton,M348X
WestBromWich VS Hull,M349X
WestBromWich VS Leicester,M350X
WestBromWich VS Liverpool,M351X
WestBromWich VS ManchesterCity,M352X
WestBromWich VS ManchesterUnited,M353X
WestBromWich VS Middlesbrough,M354X
WestBromWich VS Southampton,M355X
WestBromWich VS Stoke,M356X
WestBromWich VS Sunderland,M357X
WestBromWich VS Swansea,M358X
WestBromWich VS Tottenham,M359X
WestBromWich VS Watford,M360X
WestBromWich VS WestHam,M361X
WestHam VS Arsenal,M362X
WestHam VS Bournemouth,M363X
WestHam VS Burnley,M364X
WestHam VS Chelsea,M365X
WestHam VS CrystalPalace,M366X
WestHam VS Everton,M367X
WestHam VS Hull,M368X
WestHam VS Leicester,M369X
WestHam VS Liverpool,M370X
WestHam VS ManchesterCity,M371X
WestHam VS ManchesterUnited,M372X
WestHam VS Middlesbrough,M373X
WestHam VS Southampton,M374X
WestHam VS Stoke,M375X
WestHam VS Sunderland,M376X
WestHam VS Swansea,M377X
WestHam VS Tottenham,M378X
WestHam VS Watford,M379X
WestHam VS WestBromWich,M380X
